timestamp, utilization.gpu [%], memory.used [MiB], memory.total [MiB], power.draw [W]
2026/09/18 22:03:30.901, 0, 2168, 12288, 92.45
2026/09/18 22:03:35.855, 14, 2276, 12288, 90.89
2026/09/18 22:03:40.828, 71, 8854, 12288, 248.38
2026/09/18 22:03:45.813, 73, 8854, 12288, 283.30
2026/09/18 22:03:50.805, 92, 8854, 12288, 282.85
2026/09/18 22:03:55.800, 90, 8854, 12288, 279.82
2026/09/18 22:04:00.797, 0, 9372, 12288, 151.40
2026/09/18 22:04:05.814, 73, 9372, 12288, 265.14
2026/09/18 22:04:10.833, 91, 9372, 12288, 285.57
2026/09/18 22:04:15.844, 71, 9372, 12288, 289.91
2026/09/18 22:04:20.851, 52, 9372, 12288, 293.17
2026/09/18 22:04:25.856, 93, 9372, 12288, 294.24
2026/09/18 22:04:30.860, 66, 9372, 12288, 289.49
2026/09/18 22:04:35.862, 73, 9372, 12288, 290.62
2026/09/18 22:04:40.867, 94, 9372, 12288, 294.30
2026/09/18 22:04:45.872, 90, 9372, 12288, 290.23
2026/09/18 22:04:50.876, 73, 9372, 12288, 294.66
2026/09/18 22:04:55.879, 92, 9372, 12288, 293.39
2026/09/18 22:05:00.883, 66, 9372, 12288, 291.77
2026/09/18 22:05:05.885, 73, 9372, 12288, 148.21
2026/09/18 22:05:10.888, 90, 9372, 12288, 291.23
2026/09/18 22:05:15.891, 69, 9372, 12288, 291.00
2026/09/18 22:05:20.893, 93, 9372, 12288, 292.74
2026/09/18 22:05:25.896, 0, 9372, 12288, 180.04
2026/09/18 22:05:30.899, 69, 9372, 12288, 292.88
2026/09/18 22:05:35.902, 93, 9372, 12288, 290.48
2026/09/18 22:05:40.910, 69, 9372, 12288, 291.89
2026/09/18 22:05:45.940, 94, 9372, 12288, 291.43
2026/09/18 22:05:50.962, 91, 9372, 12288, 291.54
2026/09/18 22:05:55.979, 72, 9372, 12288, 291.02
2026/09/18 22:06:00.992, 92, 9372, 12288, 296.35
2026/09/18 22:06:06.003, 70, 9372, 12288, 292.70
2026/09/18 22:06:11.012, 79, 9372, 12288, 272.07
2026/09/18 22:06:16.019, 81, 9372, 12288, 293.40
2026/09/18 22:06:21.025, 91, 9372, 12288, 291.51
2026/09/18 22:06:26.030, 76, 9372, 12288, 292.19
2026/09/18 22:06:31.034, 68, 9372, 12288, 294.10
2026/09/18 22:06:36.039, 83, 9372, 12288, 293.86
2026/09/18 22:06:41.042, 85, 9372, 12288, 293.19
2026/09/18 22:06:46.043, 78, 9372, 12288, 293.54
2026/09/18 22:06:50.970, 69, 9372, 12288, 294.61
2026/09/18 22:06:55.933, 91, 9372, 12288, 295.19
2026/09/18 22:07:00.912, 89, 9372, 12288, 292.91
2026/09/18 22:07:05.902, 72, 9372, 12288, 288.81
2026/09/18 22:07:10.896, 0, 9372, 12288, 170.46
2026/09/18 22:07:15.893, 72, 9372, 12288, 291.27
2026/09/18 22:07:20.948, 72, 9372, 12288, 292.42
2026/09/18 22:07:25.989, 82, 9372, 12288, 291.92
2026/09/18 22:07:31.011, 93, 9372, 12288, 300.72
2026/09/18 22:07:36.025, 66, 9372, 12288, 292.56
2026/09/18 22:07:41.033, 92, 9372, 12288, 291.84
2026/09/18 22:07:46.039, 72, 9372, 12288, 293.71
2026/09/18 22:07:51.039, 0, 9372, 12288, 271.15
2026/09/18 22:07:56.006, 87, 9372, 12288, 292.94
2026/09/18 22:08:00.989, 77, 9372, 12288, 295.40
2026/09/18 22:08:05.979, 69, 9372, 12288, 294.27
2026/09/18 22:08:10.974, 94, 9372, 12288, 291.14
2026/09/18 22:08:15.971, 73, 9372, 12288, 294.65
2026/09/18 22:08:20.968, 79, 9372, 12288, 293.10
2026/09/18 22:08:26.006, 71, 9372, 12288, 291.59
2026/09/18 22:08:31.036, 69, 9372, 12288, 292.86
2026/09/18 22:08:36.052, 90, 9372, 12288, 291.39
2026/09/18 22:08:41.063, 92, 9372, 12288, 293.42
2026/09/18 22:08:46.069, 80, 9372, 12288, 293.21
2026/09/18 22:08:51.074, 70, 9372, 12288, 293.62
2026/09/18 22:08:56.096, 91, 9372, 12288, 138.57
2026/09/18 22:09:01.157, 92, 9372, 12288, 292.31
2026/09/18 22:09:06.189, 72, 9372, 12288, 293.62
2026/09/18 22:09:11.208, 67, 9372, 12288, 291.08
2026/09/18 22:09:16.218, 31, 9372, 12288, 239.26
2026/09/18 22:09:21.225, 91, 9372, 12288, 294.33
2026/09/18 22:09:26.230, 91, 9372, 12288, 292.38
2026/09/18 22:09:31.211, 92, 9372, 12288, 293.52
2026/09/18 22:09:36.188, 0, 9372, 12288, 240.57
2026/09/18 22:09:41.177, 92, 9372, 12288, 293.17
2026/09/18 22:09:46.170, 92, 9372, 12288, 294.04
2026/09/18 22:09:51.166, 73, 9372, 12288, 292.82
2026/09/18 22:09:56.163, 68, 9372, 12288, 292.92
2026/09/18 22:10:01.162, 85, 9372, 12288, 290.88
2026/09/18 22:10:06.100, 91, 9372, 12288, 291.19
2026/09/18 22:10:11.068, 92, 9372, 12288, 292.06
2026/09/18 22:10:16.051, 88, 9372, 12288, 291.76
2026/09/18 22:10:21.041, 75, 9372, 12288, 292.65
2026/09/18 22:10:26.036, 67, 9372, 12288, 293.42
2026/09/18 22:10:31.032, 67, 9372, 12288, 293.71
2026/09/18 22:10:36.030, 66, 9372, 12288, 292.64
2026/09/18 22:10:41.028, 6, 9372, 12288, 131.62
2026/09/18 22:10:46.027, 72, 9372, 12288, 293.43
2026/09/18 22:10:51.025, 68, 9372, 12288, 290.87
2026/09/18 22:10:56.024, 87, 9372, 12288, 293.42
2026/09/18 22:11:01.023, 0, 9372, 12288, 246.10
2026/09/18 22:11:06.021, 92, 9372, 12288, 293.42
2026/09/18 22:11:11.023, 75, 9372, 12288, 293.28
2026/09/18 22:11:16.023, 68, 9372, 12288, 292.72
2026/09/18 22:11:21.024, 0, 9372, 12288, 256.84
2026/09/18 22:11:26.024, 72, 9372, 12288, 294.70
2026/09/18 22:11:31.024, 72, 9372, 12288, 293.99
2026/09/18 22:11:36.023, 94, 9372, 12288, 294.07
2026/09/18 22:11:41.023, 73, 9372, 12288, 293.47
2026/09/18 22:11:46.022, 71, 9372, 12288, 293.67
2026/09/18 22:11:51.022, 66, 9372, 12288, 292.85
2026/09/18 22:11:56.022, 68, 9372, 12288, 292.70
2026/09/18 22:12:01.021, 92, 9372, 12288, 293.47
2026/09/18 22:12:06.021, 67, 9372, 12288, 294.12
2026/09/18 22:12:11.020, 92, 9372, 12288, 292.94
2026/09/18 22:12:16.162, 72, 9372, 12288, 291.95
2026/09/18 22:12:21.235, 90, 9372, 12288, 295.60
2026/09/18 22:12:26.274, 90, 9372, 12288, 293.03
2026/09/18 22:12:31.296, 71, 9372, 12288, 293.41
2026/09/18 22:12:36.308, 92, 9372, 12288, 295.85
2026/09/18 22:12:41.317, 77, 9372, 12288, 294.38
2026/09/18 22:12:46.316, 90, 9372, 12288, 163.22
2026/09/18 22:12:51.308, 87, 9372, 12288, 293.52
2026/09/18 22:12:56.302, 70, 9372, 12288, 293.48
2026/09/18 22:13:01.299, 86, 9372, 12288, 293.11
2026/09/18 22:13:06.296, 90, 9372, 12288, 246.07
2026/09/18 22:13:11.295, 72, 9372, 12288, 294.18
2026/09/18 22:13:16.295, 69, 9372, 12288, 289.85
2026/09/18 22:13:21.294, 82, 9372, 12288, 293.76
2026/09/18 22:13:26.295, 91, 9372, 12288, 243.36
2026/09/18 22:13:31.295, 90, 9372, 12288, 294.14
2026/09/18 22:13:36.296, 64, 9372, 12288, 291.35
2026/09/18 22:13:41.297, 72, 9372, 12288, 293.59
2026/09/18 22:13:46.297, 91, 9372, 12288, 238.91
2026/09/18 22:13:51.264, 88, 9372, 12288, 293.86
2026/09/18 22:13:56.197, 79, 9372, 12288, 294.06
2026/09/18 22:14:01.163, 67, 9372, 12288, 294.67
